1, vfs, 1, 1, 13931, WESTERN, G, dsf, 135.0, WHITE, 2024-06-07T00:36:19.0415425
3, oleg, 1, 2, 7777, TRAGEDY, PG, ivan, 99.0, WHITE, 2024-06-07T00:36:19.0415425
4, 421241, 1, 8, 1731, WESTERN, G, nogol, 111134.0, WHITE, 2024-06-07T00:36:19.0415425
5, sy2nn1, 0, 0, 99, HORROR, PG_13, kkkkf, 88.0, YELLOW, 2024-06-07T00:36:19.0415425
6, uuugk, 1, 9, 999, TRAGEDY, NC_17, kolyan, 901.0, ORANGE, 2024-06-07T00:36:19.0415425
7, jjjjeem, 1, 4, 18, TRAGEDY, PG, oleg, 121.0, WHITE, 2024-06-07T00:36:19.0415425
8, mongolian warrior, 1, 4, 77, WESTERN, PG_13, jemjem, 91.0, WHITE, 2024-06-07T00:36:19.0415425
9, script_movie, 1, 6, 99, HORROR, R, man, 77.0, ORANGE, 2024-06-07T10:49:06.7838878
10, script_movie, 1, 6, 99, HORROR, R, man, 77.0, ORANGE, 2024-06-07T10:49:14.6872691
11, script_movie, 1, 6, 99, HORROR, R, man, 77.0, ORANGE, 2024-06-07T10:49:18.2211372
12, script_movie, 1, 6, 99, HORROR, R, man, 77.0, ORANGE, 2024-06-07T10:49:49.5193221
13, script_movie, 1, 6, 99, HORROR, R, man, 77.0, ORANGE, 2024-06-07T10:49:55.4019795
